{"Kepler-122 b": "Kepler-122", "Kepler-122 c": "Kepler-122", "Kepler-122 d": "Kepler-122", "Kepler-122 e": "Kepler-122", "Kepler-122 f": "Kepler-122", "Kepler-132 b": "Kepler-132", "Kepler-132 c": "Kepler-132", "Kepler-132 d": "Kepler-132", "Kepler-132 e": "Kepler-132", "Kepler-150 b": "Kepler-150", "Kepler-150 c": "Kepler-150", "Kepler-150 d": "Kepler-150", "Kepler-150 e": "Kepler-150", "Kepler-150 f": "Kepler-150", "Kepler-154 b": "Kepler-154", "Kepler-154 c": "Kepler-154", "Kepler-154 d": "Kepler-154", "Kepler-154 e": "Kepler-154", "Kepler-154 f": "Kepler-154", "Kepler-167 b": "Kepler-167", "Kepler-167 c": "Kepler-167", "Kepler-167 d": "Kepler-167", "Kepler-167 e": "Kepler-167", "Kepler-169 b": "Kepler-169", "Kepler-169 c": "Kepler-169", "Kepler-169 d": "Kepler-169", "Kepler-169 e": "Kepler-169", "Kepler-169 f": "Kepler-169", "Kepler-172 b": "Kepler-172", "Kepler-172 c": "Kepler-172", "Kepler-172 d": "Kepler-172", "Kepler-172 e": "Kepler-172", "Kepler-176 b": "Kepler-176", "Kepler-176 c": "Kepler-176", "Kepler-176 d": "Kepler-176", "Kepler-176 e": "Kepler-176", "Kepler-186 b": "Kepler-186", "Kepler-186 c": "Kepler-186", "Kepler-186 d": "Kepler-186", "Kepler-186 e": "Kepler-186", "Kepler-186 f": "Kepler-186", "Kepler-197 b": "Kepler-197", "Kepler-197 c": "Kepler-197", "Kepler-197 d": "Kepler-197", "Kepler-197 e": "Kepler-197"}