{"Kepler-1473 b": "Kepler-1473", "Kepler-1474 b": "Kepler-1474", "Kepler-1475 b": "Kepler-1475", "Kepler-1476 b": "Kepler-1476", "Kepler-1477 b": "Kepler-1477", "Kepler-1478 b": "Kepler-1478", "Kepler-1479 b": "Kepler-1479", "Kepler-1480 b": "Kepler-1480", "Kepler-1481 b": "Kepler-1481", "Kepler-1482 b": "Kepler-1482", "Kepler-1483 b": "Kepler-1483", "Kepler-1484 b": "Kepler-1484", "Kepler-1485 b": "Kepler-1485", "Kepler-1486 b": "Kepler-1486", "Kepler-1487 b": "Kepler-1487", "Kepler-1489 b": "Kepler-1489", "Kepler-1490 b": "Kepler-1490", "Kepler-1491 b": "Kepler-1491", "Kepler-1492 b": "Kepler-1492", "Kepler-1493 b": "Kepler-1493", "Kepler-1494 b": "Kepler-1494", "Kepler-1495 b": "Kepler-1495", "Kepler-1496 b": "Kepler-1496", "Kepler-1497 b": "Kepler-1497", "Kepler-1498 b": "Kepler-1498", "Kepler-1499 b": "Kepler-1499", "Kepler-15 b": "Kepler-15", "Kepler-1500 b": "Kepler-1500", "Kepler-1501 b": "Kepler-1501", "Kepler-1502 b": "Kepler-1502", "Kepler-1503 b": "Kepler-1503", "Kepler-1504 b": "Kepler-1504", "Kepler-1505 b": "Kepler-1505", "Kepler-1506 b": "Kepler-1506", "Kepler-1507 b": "Kepler-1507", "Kepler-1508 b": "Kepler-1508", "Kepler-1509 b": "Kepler-1509", "Kepler-1510 b": "Kepler-1510", "Kepler-1511 b": "Kepler-1511", "Kepler-1512 b": "Kepler-1512", "Kepler-1513 b": "Kepler-1513", "Kepler-1515 b": "Kepler-1515", "Kepler-1516 b": "Kepler-1516", "Kepler-1517 b": "Kepler-1517", "Kepler-1518 b": "Kepler-1518", "Kepler-1519 b": "Kepler-1519", "Kepler-1520 b": "Kepler-1520", "Kepler-1521 b": "Kepler-1521", "Kepler-1522 b": "Kepler-1522", "Kepler-1523 b": "Kepler-1523", "Kepler-1524 b": "Kepler-1524", "Kepler-1525 b": "Kepler-1525", "Kepler-1526 b": "Kepler-1526", "Kepler-1527 b": "Kepler-1527", "Kepler-1528 b": "Kepler-1528", "Kepler-1529 b": "Kepler-1529", "Kepler-1531 b": "Kepler-1531", "Kepler-1532 b": "Kepler-1532", "Kepler-1533 b": "Kepler-1533", "Kepler-1534 b": "Kepler-1534", "Kepler-1535 b": "Kepler-1535", "Kepler-1536 b": "Kepler-1536", "Kepler-1537 b": "Kepler-1537", "Kepler-1538 b": "Kepler-1538", "Kepler-1539 b": "Kepler-1539", "Kepler-1540 b": "Kepler-1540", "Kepler-1541 b": "Kepler-1541", "Kepler-1543 b": "Kepler-1543", "Kepler-1544 b": "Kepler-1544", "Kepler-1545 b": "Kepler-1545", "Kepler-1546 b": "Kepler-1546", "Kepler-1547 b": "Kepler-1547", "Kepler-1548 b": "Kepler-1548", "Kepler-1549 b": "Kepler-1549", "Kepler-1550 b": "Kepler-1550", "Kepler-1551 b": "Kepler-1551", "Kepler-1552 b": "Kepler-1552", "Kepler-1553 b": "Kepler-1553", "Kepler-1554 b": "Kepler-1554", "Kepler-1555 b": "Kepler-1555", "Kepler-1556 b": "Kepler-1556", "Kepler-1557 b": "Kepler-1557", "Kepler-1558 b": "Kepler-1558", "Kepler-1559 b": "Kepler-1559", "Kepler-1560 b": "Kepler-1560", "Kepler-1561 b": "Kepler-1561", "Kepler-1562 b": "Kepler-1562", "Kepler-1563 b": "Kepler-1563", "Kepler-1564 b": "Kepler-1564", "Kepler-1565 b": "Kepler-1565", "Kepler-1566 b": "Kepler-1566", "Kepler-1567 b": "Kepler-1567", "Kepler-1568 b": "Kepler-1568", "Kepler-1569 b": "Kepler-1569", "Kepler-1570 b": "Kepler-1570", "Kepler-1571 b": "Kepler-1571", "Kepler-1572 b": "Kepler-1572", "Kepler-1573 b": "Kepler-1573", "Kepler-1574 b": "Kepler-1574", "Kepler-1575 b": "Kepler-1575", "Kepler-1576 b": "Kepler-1576", "Kepler-1577 b": "Kepler-1577", "Kepler-1578 b": "Kepler-1578", "Kepler-1579 b": "Kepler-1579", "Kepler-1580 b": "Kepler-1580", "Kepler-1581 b": "Kepler-1581", "Kepler-1582 b": "Kepler-1582", "Kepler-1583 b": "Kepler-1583", "Kepler-1584 b": "Kepler-1584", "Kepler-1585 b": "Kepler-1585", "Kepler-1586 b": "Kepler-1586", "Kepler-1587 b": "Kepler-1587", "Kepler-1588 b": "Kepler-1588", "Kepler-1589 b": "Kepler-1589", "Kepler-1590 b": "Kepler-1590", "Kepler-1591 b": "Kepler-1591", "Kepler-1592 b": "Kepler-1592", "Kepler-1593 b": "Kepler-1593", "Kepler-1594 b": "Kepler-1594", "Kepler-1595 b": "Kepler-1595", "Kepler-1596 b": "Kepler-1596", "Kepler-1597 b": "Kepler-1597", "Kepler-1598 b": "Kepler-1598", "Kepler-1599 b": "Kepler-1599", "Kepler-16 b": "Kepler-16", "Kepler-1601 b": "Kepler-1601", "Kepler-1602 b": "Kepler-1602", "Kepler-1603 b": "Kepler-1603", "Kepler-1604 b": "Kepler-1604", "Kepler-1605 b": "Kepler-1605", "Kepler-1606 b": "Kepler-1606", "Kepler-1607 b": "Kepler-1607", "Kepler-1608 b": "Kepler-1608", "Kepler-1609 b": "Kepler-1609", "Kepler-1610 b": "Kepler-1610", "Kepler-1611 b": "Kepler-1611", "Kepler-1612 b": "Kepler-1612", "Kepler-1613 b": "Kepler-1613", "Kepler-1614 b": "Kepler-1614", "Kepler-1615 b": "Kepler-1615", "Kepler-1616 b": "Kepler-1616", "Kepler-1617 b": "Kepler-1617", "Kepler-1618 b": "Kepler-1618", "Kepler-1619 b": "Kepler-1619", "Kepler-1620 b": "Kepler-1620", "Kepler-1621 b": "Kepler-1621", "Kepler-1622 b": "Kepler-1622", "Kepler-1623 b": "Kepler-1623", "Kepler-1624 b": "Kepler-1624", "Kepler-1625 b": "Kepler-1625", "Kepler-1626 b": "Kepler-1626", "Kepler-1627 b": "Kepler-1627", "Kepler-1628 b": "Kepler-1628", "Kepler-1629 b": "Kepler-1629", "Kepler-1630 b": "Kepler-1630", "Kepler-1631 b": "Kepler-1631", "Kepler-1632 b": "Kepler-1632", "Kepler-1633 b": "Kepler-1633", "Kepler-1634 b": "Kepler-1634", "Kepler-1635 b": "Kepler-1635", "Kepler-1636 b": "Kepler-1636", "Kepler-1637 b": "Kepler-1637", "Kepler-1638 b": "Kepler-1638", "Kepler-1639 b": "Kepler-1639", "Kepler-1640 b": "Kepler-1640", "Kepler-1643 b": "Kepler-1643", "Kepler-1644 b": "Kepler-1644", "Kepler-1645 b": "Kepler-1645", "Kepler-1646 b": "Kepler-1646", "Kepler-1647 b": "Kepler-1647", "Kepler-1650 b": "Kepler-1650", "Kepler-1651 b": "Kepler-1651", "Kepler-1652 b": "Kepler-1652", "Kepler-1653 b": "Kepler-1653", "Kepler-1654 b": "Kepler-1654", "Kepler-1655 b": "Kepler-1655", "Kepler-1658 b": "Kepler-1658", "Kepler-1661 b": "Kepler-1661", "Kepler-1663 b": "Kepler-1663", "Kepler-1664 b": "Kepler-1664", "Kepler-1665 b": "Kepler-1665", "Kepler-1667 b": "Kepler-1667", "Kepler-1668 b": "Kepler-1668", "Kepler-1670 b": "Kepler-1670", "Kepler-1671 b": "Kepler-1671", "Kepler-1672 b": "Kepler-1672", "Kepler-1673 b": "Kepler-1673", "Kepler-1674 b": "Kepler-1674", "Kepler-1675 b": "Kepler-1675", "Kepler-1676 b": "Kepler-1676", "Kepler-1677 b": "Kepler-1677", "Kepler-1678 b": "Kepler-1678", "Kepler-1679 b": "Kepler-1679", "Kepler-1680 b": "Kepler-1680", "Kepler-1681 b": "Kepler-1681", "Kepler-1682 b": "Kepler-1682", "Kepler-1683 b": "Kepler-1683", "Kepler-1684 b": "Kepler-1684", "Kepler-1685 b": "Kepler-1685", "Kepler-1686 b": "Kepler-1686", "Kepler-1687 b": "Kepler-1687", "Kepler-1688 b": "Kepler-1688", "Kepler-1689 b": "Kepler-1689", "Kepler-1690 b": "Kepler-1690", "Kepler-1691 b": "Kepler-1691", "Kepler-1692 b": "Kepler-1692", "Kepler-1694 b": "Kepler-1694", "Kepler-1695 b": "Kepler-1695", "Kepler-1696 b": "Kepler-1696", "Kepler-1697 b": "Kepler-1697", "Kepler-1698 b": "Kepler-1698", "Kepler-1699 b": "Kepler-1699", "Kepler-17 b": "Kepler-17", "Kepler-1700 b": "Kepler-1700", "Kepler-1701 b": "Kepler-1701", "Kepler-1702 b": "Kepler-1702", "Kepler-1704 b": "Kepler-1704", "Kepler-1708 b": "Kepler-1708", "Kepler-1709 b": "Kepler-1709", "Kepler-1710 b": "Kepler-1710", "Kepler-1711 b": "Kepler-1711", "Kepler-1712 b": "Kepler-1712", "Kepler-1713 b": "Kepler-1713", "Kepler-1714 b": "Kepler-1714", "Kepler-1715 b": "Kepler-1715", "Kepler-1716 b": "Kepler-1716", "Kepler-1717 b": "Kepler-1717", "Kepler-1718 b": "Kepler-1718", "Kepler-1719 b": "Kepler-1719", "Kepler-1720 b": "Kepler-1720", "Kepler-1721 b": "Kepler-1721", "Kepler-1722 b": "Kepler-1722", "Kepler-1723 b": "Kepler-1723", "Kepler-1724 b": "Kepler-1724", "Kepler-1725 b": "Kepler-1725", "Kepler-1726 b": "Kepler-1726", "Kepler-1727 b": "Kepler-1727", "Kepler-1728 b": "Kepler-1728", "Kepler-1729 b": "Kepler-1729", "Kepler-1730 b": "Kepler-1730", "Kepler-1731 b": "Kepler-1731", "Kepler-1732 b": "Kepler-1732", "Kepler-1733 b": "Kepler-1733", "Kepler-1734 b": "Kepler-1734", "Kepler-1735 b": "Kepler-1735", "Kepler-1736 b": "Kepler-1736", "Kepler-1737 b": "Kepler-1737", "Kepler-1738 b": "Kepler-1738", "Kepler-1739 b": "Kepler-1739", "Kepler-1740 b": "Kepler-1740", "Kepler-1741 b": "Kepler-1741", "Kepler-1742 b": "Kepler-1742", "Kepler-1743 b": "Kepler-1743", "Kepler-1744 b": "Kepler-1744", "Kepler-1745 b": "Kepler-1745", "Kepler-1746 b": "Kepler-1746", "Kepler-1747 b": "Kepler-1747", "Kepler-1748 b": "Kepler-1748", "Kepler-1749 b": "Kepler-1749", "Kepler-1750 b": "Kepler-1750", "Kepler-1751 b": "Kepler-1751", "Kepler-1752 b": "Kepler-1752", "Kepler-1753 b": "Kepler-1753", "Kepler-1754 b": "Kepler-1754", "Kepler-1755 b": "Kepler-1755", "Kepler-1756 b": "Kepler-1756", "Kepler-1757 b": "Kepler-1757", "Kepler-1758 b": "Kepler-1758", "Kepler-1759 b": "Kepler-1759", "Kepler-1760 b": "Kepler-1760", "Kepler-1761 b": "Kepler-1761", "Kepler-1762 b": "Kepler-1762", "Kepler-1763 b": "Kepler-1763", "Kepler-1764 b": "Kepler-1764", "Kepler-1765 b": "Kepler-1765", "Kepler-1766 b": "Kepler-1766", "Kepler-1767 b": "Kepler-1767", "Kepler-1768 b": "Kepler-1768", "Kepler-1769 b": "Kepler-1769", "Kepler-1770 b": "Kepler-1770", "Kepler-1771 b": "Kepler-1771", "Kepler-1772 b": "Kepler-1772", "Kepler-1773 b": "Kepler-1773", "Kepler-1774 b": "Kepler-1774", "Kepler-1775 b": "Kepler-1775", "Kepler-1776 b": "Kepler-1776", "Kepler-1777 b": "Kepler-1777", "Kepler-1778 b": "Kepler-1778", "Kepler-1779 b": "Kepler-1779", "Kepler-1780 b": "Kepler-1780", "Kepler-1781 b": "Kepler-1781", "Kepler-1782 b": "Kepler-1782", "Kepler-1783 b": "Kepler-1783", "Kepler-1784 b": "Kepler-1784", "Kepler-1785 b": "Kepler-1785", "Kepler-1786 b": "Kepler-1786", "Kepler-1787 b": "Kepler-1787", "Kepler-1788 b": "Kepler-1788", "Kepler-1789 b": "Kepler-1789", "Kepler-1790 b": "Kepler-1790", "Kepler-1791 b": "Kepler-1791", "Kepler-1792 b": "Kepler-1792", "Kepler-1793 b": "Kepler-1793", "Kepler-1794 b": "Kepler-1794", "Kepler-1795 b": "Kepler-1795", "Kepler-1796 b": "Kepler-1796", "Kepler-1797 b": "Kepler-1797", "Kepler-1798 b": "Kepler-1798", "Kepler-1799 b": "Kepler-1799", "Kepler-1800 b": "Kepler-1800", "Kepler-1801 b": "Kepler-1801", "Kepler-1804 b": "Kepler-1804", "Kepler-1805 b": "Kepler-1805", "Kepler-1806 b": "Kepler-1806", "Kepler-1807 b": "Kepler-1807", "Kepler-1808 b": "Kepler-1808", "Kepler-1809 b": "Kepler-1809", "Kepler-1810 b": "Kepler-1810", "Kepler-1811 b": "Kepler-1811", "Kepler-1812 b": "Kepler-1812", "Kepler-1813 b": "Kepler-1813", "Kepler-1814 b": "Kepler-1814", "Kepler-1815 b": "Kepler-1815", "Kepler-1816 b": "Kepler-1816", "Kepler-1817 b": "Kepler-1817", "Kepler-1818 b": "Kepler-1818", "Kepler-1819 b": "Kepler-1819", "Kepler-1820 b": "Kepler-1820", "Kepler-1821 b": "Kepler-1821", "Kepler-1822 b": "Kepler-1822", "Kepler-1823 b": "Kepler-1823", "Kepler-1824 b": "Kepler-1824", "Kepler-1825 b": "Kepler-1825", "Kepler-1826 b": "Kepler-1826", "Kepler-1827 b": "Kepler-1827", "Kepler-1828 b": "Kepler-1828", "Kepler-1829 b": "Kepler-1829", "Kepler-1830 b": "Kepler-1830", "Kepler-1831 b": "Kepler-1831", "Kepler-1832 b": "Kepler-1832", "Kepler-1833 b": "Kepler-1833", "Kepler-1834 b": "Kepler-1834", "Kepler-1835 b": "Kepler-1835", "Kepler-1836 b": "Kepler-1836", "Kepler-1837 b": "Kepler-1837", "Kepler-1838 b": "Kepler-1838", "Kepler-1839 b": "Kepler-1839", "Kepler-1840 b": "Kepler-1840", "Kepler-1841 b": "Kepler-1841", "Kepler-1842 b": "Kepler-1842", "Kepler-1843 b": "Kepler-1843", "Kepler-1844 b": "Kepler-1844", "Kepler-1845 b": "Kepler-1845", "Kepler-1846 b": "Kepler-1846", "Kepler-1847 b": "Kepler-1847", "Kepler-1848 b": "Kepler-1848", "Kepler-1849 b": "Kepler-1849", "Kepler-1850 b": "Kepler-1850", "Kepler-1851 b": "Kepler-1851", "Kepler-1852 b": "Kepler-1852", "Kepler-1853 b": "Kepler-1853", "Kepler-1854 b": "Kepler-1854", "Kepler-1855 b": "Kepler-1855", "Kepler-1856 b": "Kepler-1856", "Kepler-1857 b": "Kepler-1857", "Kepler-1858 b": "Kepler-1858", "Kepler-1859 b": "Kepler-1859", "Kepler-1860 b": "Kepler-1860", "Kepler-1861 b": "Kepler-1861", "Kepler-1862 b": "Kepler-1862", "Kepler-1863 b": "Kepler-1863", "Kepler-1864 b": "Kepler-1864", "Kepler-1865 b": "Kepler-1865", "Kepler-1866 b": "Kepler-1866", "Kepler-1867 b": "Kepler-1867", "Kepler-1868 b": "Kepler-1868", "Kepler-1869 b": "Kepler-1869", "Kepler-1870 b": "Kepler-1870", "Kepler-1871 b": "Kepler-1871", "Kepler-1872 b": "Kepler-1872", "Kepler-1873 b": "Kepler-1873", "Kepler-1874 b": "Kepler-1874", "Kepler-1875 b": "Kepler-1875", "Kepler-1876 b": "Kepler-1876", "Kepler-1877 b": "Kepler-1877", "Kepler-1878 b": "Kepler-1878", "Kepler-1879 b": "Kepler-1879", "Kepler-1880 b": "Kepler-1880", "Kepler-1881 b": "Kepler-1881", "Kepler-1882 b": "Kepler-1882", "Kepler-1883 b": "Kepler-1883", "Kepler-1884 b": "Kepler-1884", "Kepler-1885 b": "Kepler-1885", "Kepler-1886 b": "Kepler-1886", "Kepler-1887 b": "Kepler-1887", "Kepler-1888 b": "Kepler-1888", "Kepler-1889 b": "Kepler-1889", "Kepler-1890 b": "Kepler-1890", "Kepler-1891 b": "Kepler-1891", "Kepler-1892 b": "Kepler-1892", "Kepler-1893 b": "Kepler-1893", "Kepler-1894 b": "Kepler-1894", "Kepler-1895 b": "Kepler-1895", "Kepler-1896 b": "Kepler-1896", "Kepler-1897 b": "Kepler-1897", "Kepler-1898 b": "Kepler-1898", "Kepler-1899 b": "Kepler-1899", "Kepler-1900 b": "Kepler-1900", "Kepler-1901 b": "Kepler-1901", "Kepler-1902 b": "Kepler-1902", "Kepler-1903 b": "Kepler-1903", "Kepler-1904 b": "Kepler-1904", "Kepler-1905 b": "Kepler-1905", "Kepler-1906 b": "Kepler-1906", "Kepler-1909 b": "Kepler-1909", "Kepler-1910 b": "Kepler-1910", "Kepler-1911 b": "Kepler-1911", "Kepler-1912 b": "Kepler-1912", "Kepler-1913 b": "Kepler-1913", "Kepler-1914 b": "Kepler-1914", "Kepler-1915 b": "Kepler-1915", "Kepler-1916 b": "Kepler-1916", "Kepler-1917 b": "Kepler-1917", "Kepler-1918 b": "Kepler-1918", "Kepler-1919 b": "Kepler-1919", "Kepler-1920 b": "Kepler-1920", "Kepler-1921 b": "Kepler-1921", "Kepler-1922 b": "Kepler-1922", "Kepler-1923 b": "Kepler-1923", "Kepler-1924 b": "Kepler-1924", "Kepler-1925 b": "Kepler-1925", "Kepler-1926 b": "Kepler-1926", "Kepler-1927 b": "Kepler-1927", "Kepler-1928 b": "Kepler-1928", "Kepler-1929 b": "Kepler-1929", "Kepler-1930 b": "Kepler-1930", "Kepler-1931 b": "Kepler-1931", "Kepler-1932 b": "Kepler-1932", "Kepler-1933 b": "Kepler-1933", "Kepler-1934 b": "Kepler-1934", "Kepler-1935 b": "Kepler-1935", "Kepler-1936 b": "Kepler-1936", "Kepler-1937 b": "Kepler-1937", "Kepler-1938 b": "Kepler-1938", "Kepler-1939 b": "Kepler-1939", "Kepler-1940 b": "Kepler-1940", "Kepler-1941 b": "Kepler-1941", "Kepler-1942 b": "Kepler-1942", "Kepler-1943 b": "Kepler-1943", "Kepler-1944 b": "Kepler-1944", "Kepler-1945 b": "Kepler-1945", "Kepler-1946 b": "Kepler-1946", "Kepler-1947 b": "Kepler-1947", "Kepler-1948 b": "Kepler-1948", "Kepler-1949 b": "Kepler-1949", "Kepler-1950 b": "Kepler-1950", "Kepler-1951 b": "Kepler-1951", "Kepler-1952 b": "Kepler-1952", "Kepler-1953 b": "Kepler-1953", "Kepler-1954 b": "Kepler-1954", "Kepler-1955 b": "Kepler-1955", "Kepler-1956 b": "Kepler-1956", "Kepler-1957 b": "Kepler-1957", "Kepler-1958 b": "Kepler-1958", "Kepler-1959 b": "Kepler-1959", "Kepler-1960 b": "Kepler-1960", "Kepler-1961 b": "Kepler-1961", "Kepler-1962 b": "Kepler-1962", "Kepler-1963 b": "Kepler-1963", "Kepler-1964 b": "Kepler-1964", "Kepler-1965 b": "Kepler-1965", "Kepler-1966 b": "Kepler-1966", "Kepler-1967 b": "Kepler-1967", "Kepler-1968 b": "Kepler-1968", "Kepler-1969 b": "Kepler-1969", "Kepler-21 b": "Kepler-21", "Kepler-22 b": "Kepler-22", "Kepler-34 b": "Kepler-34", "Kepler-35 b": "Kepler-35", "Kepler-38 b": "Kepler-38", "Kepler-39 b": "Kepler-39", "Kepler-4 b": "Kepler-4", "Kepler-40 b": "Kepler-40", "Kepler-408 b": "Kepler-408", "Kepler-409 b": "Kepler-409", "Kepler-41 b": "Kepler-41", "Kepler-410 A b": "Kepler-410 A", "Kepler-412 b": "Kepler-412", "Kepler-413 b": "Kepler-413", "Kepler-421 b": "Kepler-421", "Kepler-422 b": "Kepler-422", "Kepler-423 b": "Kepler-423", "Kepler-425 b": "Kepler-425", "Kepler-426 b": "Kepler-426", "Kepler-427 b": "Kepler-427", "Kepler-428 b": "Kepler-428", "Kepler-43 b": "Kepler-43", "Kepler-433 b": "Kepler-433", "Kepler-434 b": "Kepler-434", "Kepler-435 b": "Kepler-435", "Kepler-437 b": "Kepler-437", "Kepler-438 b": "Kepler-438", "Kepler-439 b": "Kepler-439", "Kepler-44 b": "Kepler-44", "Kepler-440 b": "Kepler-440", "Kepler-441 b": "Kepler-441", "Kepler-442 b": "Kepler-442", "Kepler-443 b": "Kepler-443", "Kepler-447 b": "Kepler-447", "Kepler-45 b": "Kepler-45", "Kepler-452 b": "Kepler-452", "Kepler-453 b": "Kepler-453", "Kepler-461 b": "Kepler-461", "Kepler-463 b": "Kepler-463", "Kepler-464 b": "Kepler-464", "Kepler-465 b": "Kepler-465", "Kepler-467 b": "Kepler-467", "Kepler-468 b": "Kepler-468", "Kepler-470 b": "Kepler-470", "Kepler-471 b": "Kepler-471", "Kepler-472 b": "Kepler-472", "Kepler-473 b": "Kepler-473", "Kepler-474 b": "Kepler-474", "Kepler-475 b": "Kepler-475", "Kepler-476 b": "Kepler-476", "Kepler-477 b": "Kepler-477", "Kepler-478 b": "Kepler-478", "Kepler-479 b": "Kepler-479", "Kepler-480 b": "Kepler-480", "Kepler-481 b": "Kepler-481", "Kepler-482 b": "Kepler-482", "Kepler-483 b": "Kepler-483", "Kepler-484 b": "Kepler-484", "Kepler-485 b": "Kepler-485", "Kepler-486 b": "Kepler-486", "Kepler-488 b": "Kepler-488", "Kepler-489 b": "Kepler-489", "Kepler-490 b": "Kepler-490", "Kepler-491 b": "Kepler-491", "Kepler-492 b": "Kepler-492", "Kepler-493 b": "Kepler-493", "Kepler-494 b": "Kepler-494", "Kepler-496 b": "Kepler-496", "Kepler-497 b": "Kepler-497", "Kepler-498 b": "Kepler-498", "Kepler-499 b": "Kepler-499", "Kepler-5 b": "Kepler-5", "Kepler-500 b": "Kepler-500", "Kepler-502 b": "Kepler-502", "Kepler-504 b": "Kepler-504", "Kepler-505 b": "Kepler-505", "Kepler-506 b": "Kepler-506", "Kepler-507 b": "Kepler-507", "Kepler-508 b": "Kepler-508", "Kepler-509 b": "Kepler-509", "Kepler-510 b": "Kepler-510", "Kepler-512 b": "Kepler-512", "Kepler-513 b": "Kepler-513", "Kepler-514 b": "Kepler-514", "Kepler-515 b": "Kepler-515", "Kepler-516 b": "Kepler-516", "Kepler-517 b": "Kepler-517", "Kepler-518 b": "Kepler-518", "Kepler-519 b": "Kepler-519", "Kepler-521 b": "Kepler-521", "Kepler-522 b": "Kepler-522", "Kepler-523 b": "Kepler-523", "Kepler-525 b": "Kepler-525", "Kepler-526 b": "Kepler-526", "Kepler-527 b": "Kepler-527", "Kepler-528 b": "Kepler-528", "Kepler-530 b": "Kepler-530", "Kepler-531 b": "Kepler-531", "Kepler-532 b": "Kepler-532", "Kepler-533 b": "Kepler-533", "Kepler-535 b": "Kepler-535", "Kepler-536 b": "Kepler-536", "Kepler-537 b": "Kepler-537", "Kepler-538 b": "Kepler-538", "Kepler-540 b": "Kepler-540", "Kepler-541 b": "Kepler-541", "Kepler-542 b": "Kepler-542", "Kepler-543 b": "Kepler-543", "Kepler-544 b": "Kepler-544", "Kepler-545 b": "Kepler-545", "Kepler-546 b": "Kepler-546", "Kepler-547 b": "Kepler-547", "Kepler-548 b": "Kepler-548", "Kepler-550 b": "Kepler-550", "Kepler-551 b": "Kepler-551", "Kepler-552 b": "Kepler-552", "Kepler-554 b": "Kepler-554", "Kepler-555 b": "Kepler-555", "Kepler-556 b": "Kepler-556", "Kepler-557 b": "Kepler-557", "Kepler-558 b": "Kepler-558", "Kepler-559 b": "Kepler-559", "Kepler-560 b": "Kepler-560", "Kepler-562 b": "Kepler-562", "Kepler-563 b": "Kepler-563", "Kepler-564 b": "Kepler-564", "Kepler-565 b": "Kepler-565", "Kepler-566 b": "Kepler-566", "Kepler-567 b": "Kepler-567", "Kepler-568 b": "Kepler-568", "Kepler-569 b": "Kepler-569", "Kepler-570 b": "Kepler-570", "Kepler-571 b": "Kepler-571", "Kepler-572 b": "Kepler-572", "Kepler-573 b": "Kepler-573", "Kepler-574 b": "Kepler-574", "Kepler-575 b": "Kepler-575", "Kepler-576 b": "Kepler-576", "Kepler-577 b": "Kepler-577", "Kepler-578 b": "Kepler-578", "Kepler-579 b": "Kepler-579", "Kepler-580 b": "Kepler-580", "Kepler-581 b": "Kepler-581", "Kepler-582 b": "Kepler-582", "Kepler-583 b": "Kepler-583", "Kepler-584 b": "Kepler-584", "Kepler-585 b": "Kepler-585", "Kepler-586 b": "Kepler-586", "Kepler-587 b": "Kepler-587", "Kepler-588 b": "Kepler-588", "Kepler-590 b": "Kepler-590", "Kepler-591 b": "Kepler-591", "Kepler-592 b": "Kepler-592", "Kepler-593 b": "Kepler-593", "Kepler-594 b": "Kepler-594", "Kepler-596 b": "Kepler-596", "Kepler-597 b": "Kepler-597", "Kepler-599 b": "Kepler-599", "Kepler-6 b": "Kepler-6", "Kepler-600 b": "Kepler-600", "Kepler-601 b": "Kepler-601", "Kepler-602 b": "Kepler-602", "Kepler-604 b": "Kepler-604", "Kepler-606 b": "Kepler-606", "Kepler-608 b": "Kepler-608", "Kepler-609 b": "Kepler-609", "Kepler-61 b": "Kepler-61", "Kepler-611 b": "Kepler-611", "Kepler-612 b": "Kepler-612", "Kepler-613 b": "Kepler-613", "Kepler-614 b": "Kepler-614", "Kepler-615 b": "Kepler-615", "Kepler-617 b": "Kepler-617", "Kepler-618 b": "Kepler-618", "Kepler-620 b": "Kepler-620", "Kepler-621 b": "Kepler-621", "Kepler-622 b": "Kepler-622", "Kepler-623 b": "Kepler-623", "Kepler-624 b": "Kepler-624", "Kepler-626 b": "Kepler-626", "Kepler-627 b": "Kepler-627", "Kepler-628 b": "Kepler-628", "Kepler-629 b": "Kepler-629", "Kepler-63 b": "Kepler-63", "Kepler-630 b": "Kepler-630", "Kepler-631 b": "Kepler-631", "Kepler-632 b": "Kepler-632", "Kepler-634 b": "Kepler-634", "Kepler-635 b": "Kepler-635", "Kepler-636 b": "Kepler-636", "Kepler-637 b": "Kepler-637", "Kepler-638 b": "Kepler-638", "Kepler-639 b": "Kepler-639", "Kepler-640 b": "Kepler-640", "Kepler-641 b": "Kepler-641", "Kepler-642 b": "Kepler-642", "Kepler-643 b": "Kepler-643", "Kepler-644 b": "Kepler-644", "Kepler-645 b": "Kepler-645", "Kepler-646 b": "Kepler-646", "Kepler-648 b": "Kepler-648", "Kepler-649 b": "Kepler-649", "Kepler-650 b": "Kepler-650", "Kepler-651 b": "Kepler-651", "Kepler-652 b": "Kepler-652", "Kepler-654 b": "Kepler-654", "Kepler-655 b": "Kepler-655", "Kepler-656 b": "Kepler-656", "Kepler-657 b": "Kepler-657", "Kepler-658 b": "Kepler-658", "Kepler-659 b": "Kepler-659", "Kepler-66 b": "Kepler-66", "Kepler-660 b": "Kepler-660", "Kepler-661 b": "Kepler-661", "Kepler-662 b": "Kepler-662", "Kepler-663 b": "Kepler-663", "Kepler-664 b": "Kepler-664", "Kepler-665 b": "Kepler-665", "Kepler-666 b": "Kepler-666", "Kepler-667 b": "Kepler-667", "Kepler-668 b": "Kepler-668", "Kepler-669 b": "Kepler-669", "Kepler-67 b": "Kepler-67", "Kepler-670 b": "Kepler-670", "Kepler-671 b": "Kepler-671", "Kepler-672 b": "Kepler-672", "Kepler-673 b": "Kepler-673", "Kepler-674 b": "Kepler-674", "Kepler-675 b": "Kepler-675", "Kepler-676 b": "Kepler-676", "Kepler-677 b": "Kepler-677", "Kepler-678 b": "Kepler-678", "Kepler-679 b": "Kepler-679", "Kepler-680 b": "Kepler-680", "Kepler-681 b": "Kepler-681", "Kepler-682 b": "Kepler-682", "Kepler-683 b": "Kepler-683", "Kepler-684 b": "Kepler-684", "Kepler-685 b": "Kepler-685", "Kepler-686 b": "Kepler-686", "Kepler-687 b": "Kepler-687", "Kepler-688 b": "Kepler-688", "Kepler-689 b": "Kepler-689", "Kepler-690 b": "Kepler-690", "Kepler-691 b": "Kepler-691", "Kepler-692 b": "Kepler-692", "Kepler-693 b": "Kepler-693", "Kepler-694 b": "Kepler-694", "Kepler-695 b": "Kepler-695", "Kepler-696 b": "Kepler-696", "Kepler-697 b": "Kepler-697", "Kepler-698 b": "Kepler-698", "Kepler-7 b": "Kepler-7", "Kepler-700 b": "Kepler-700", "Kepler-701 b": "Kepler-701", "Kepler-702 b": "Kepler-702", "Kepler-703 b": "Kepler-703", "Kepler-704 b": "Kepler-704", "Kepler-705 b": "Kepler-705", "Kepler-706 b": "Kepler-706", "Kepler-707 b": "Kepler-707", "Kepler-708 b": "Kepler-708", "Kepler-709 b": "Kepler-709", "Kepler-710 b": "Kepler-710", "Kepler-711 b": "Kepler-711", "Kepler-713 b": "Kepler-713", "Kepler-714 b": "Kepler-714", "Kepler-715 b": "Kepler-715", "Kepler-717 b": "Kepler-717", "Kepler-718 b": "Kepler-718", "Kepler-719 b": "Kepler-719", "Kepler-720 b": "Kepler-720", "Kepler-721 b": "Kepler-721", "Kepler-723 b": "Kepler-723", "Kepler-724 b": "Kepler-724", "Kepler-725 b": "Kepler-725", "Kepler-726 b": "Kepler-726", "Kepler-727 b": "Kepler-727", "Kepler-728 b": "Kepler-728", "Kepler-729 b": "Kepler-729", "Kepler-731 b": "Kepler-731", "Kepler-733 b": "Kepler-733", "Kepler-734 b": "Kepler-734", "Kepler-735 b": "Kepler-735", "Kepler-736 b": "Kepler-736", "Kepler-737 b": "Kepler-737", "Kepler-738 b": "Kepler-738", "Kepler-739 b": "Kepler-739", "Kepler-74 b": "Kepler-74", "Kepler-740 b": "Kepler-740", "Kepler-741 b": "Kepler-741", "Kepler-742 b": "Kepler-742", "Kepler-743 b": "Kepler-743", "Kepler-744 b": "Kepler-744", "Kepler-745 b": "Kepler-745", "Kepler-746 b": "Kepler-746", "Kepler-747 b": "Kepler-747", "Kepler-748 b": "Kepler-748", "Kepler-749 b": "Kepler-749", "Kepler-75 b": "Kepler-75", "Kepler-751 b": "Kepler-751", "Kepler-752 b": "Kepler-752", "Kepler-753 b": "Kepler-753", "Kepler-754 b": "Kepler-754", "Kepler-756 b": "Kepler-756", "Kepler-757 b": "Kepler-757", "Kepler-759 b": "Kepler-759", "Kepler-76 b": "Kepler-76", "Kepler-761 b": "Kepler-761", "Kepler-762 b": "Kepler-762", "Kepler-763 b": "Kepler-763", "Kepler-764 b": "Kepler-764", "Kepler-765 b": "Kepler-765", "Kepler-766 b": "Kepler-766", "Kepler-767 b": "Kepler-767", "Kepler-768 b": "Kepler-768", "Kepler-77 b": "Kepler-77", "Kepler-771 b": "Kepler-771", "Kepler-772 b": "Kepler-772", "Kepler-773 b": "Kepler-773", "Kepler-774 b": "Kepler-774", "Kepler-775 b": "Kepler-775", "Kepler-776 b": "Kepler-776", "Kepler-777 b": "Kepler-777", "Kepler-778 b": "Kepler-778", "Kepler-779 b": "Kepler-779", "Kepler-78 b": "Kepler-78", "Kepler-780 b": "Kepler-780", "Kepler-781 b": "Kepler-781", "Kepler-782 b": "Kepler-782", "Kepler-784 b": "Kepler-784", "Kepler-785 b": "Kepler-785", "Kepler-786 b": "Kepler-786", "Kepler-787 b": "Kepler-787", "Kepler-788 b": "Kepler-788", "Kepler-789 b": "Kepler-789", "Kepler-790 b": "Kepler-790", "Kepler-791 b": "Kepler-791", "Kepler-792 b": "Kepler-792", "Kepler-793 b": "Kepler-793", "Kepler-794 b": "Kepler-794", "Kepler-795 b": "Kepler-795", "Kepler-796 b": "Kepler-796", "Kepler-797 b": "Kepler-797", "Kepler-798 b": "Kepler-798", "Kepler-8 b": "Kepler-8", "Kepler-800 b": "Kepler-800", "Kepler-801 b": "Kepler-801", "Kepler-802 b": "Kepler-802", "Kepler-803 b": "Kepler-803", "Kepler-805 b": "Kepler-805", "Kepler-806 b": "Kepler-806", "Kepler-807 b": "Kepler-807", "Kepler-808 b": "Kepler-808", "Kepler-809 b": "Kepler-809", "Kepler-810 b": "Kepler-810", "Kepler-811 b": "Kepler-811", "Kepler-812 b": "Kepler-812", "Kepler-813 b": "Kepler-813", "Kepler-814 b": "Kepler-814", "Kepler-815 b": "Kepler-815", "Kepler-816 b": "Kepler-816", "Kepler-817 b": "Kepler-817", "Kepler-818 b": "Kepler-818", "Kepler-819 b": "Kepler-819", "Kepler-820 b": "Kepler-820", "Kepler-821 b": "Kepler-821", "Kepler-822 b": "Kepler-822", "Kepler-823 b": "Kepler-823", "Kepler-824 b": "Kepler-824", "Kepler-826 b": "Kepler-826", "Kepler-827 b": "Kepler-827", "Kepler-828 b": "Kepler-828", "Kepler-829 b": "Kepler-829", "Kepler-830 b": "Kepler-830", "Kepler-831 b": "Kepler-831", "Kepler-832 b": "Kepler-832", "Kepler-833 b": "Kepler-833", "Kepler-834 b": "Kepler-834", "Kepler-835 b": "Kepler-835", "Kepler-836 b": "Kepler-836", "Kepler-837 b": "Kepler-837", "Kepler-838 b": "Kepler-838", "Kepler-839 b": "Kepler-839", "Kepler-841 b": "Kepler-841", "Kepler-842 b": "Kepler-842", "Kepler-843 b": "Kepler-843", "Kepler-844 b": "Kepler-844", "Kepler-845 b": "Kepler-845", "Kepler-846 b": "Kepler-846", "Kepler-847 b": "Kepler-847", "Kepler-848 b": "Kepler-848", "Kepler-849 b": "Kepler-849", "Kepler-850 b": "Kepler-850", "Kepler-851 b": "Kepler-851", "Kepler-852 b": "Kepler-852", "Kepler-853 b": "Kepler-853", "Kepler-855 b": "Kepler-855", "Kepler-856 b": "Kepler-856", "Kepler-857 b": "Kepler-857", "Kepler-858 b": "Kepler-858", "Kepler-859 b": "Kepler-859", "Kepler-860 b": "Kepler-860", "Kepler-861 b": "Kepler-861", "Kepler-862 b": "Kepler-862", "Kepler-863 b": "Kepler-863", "Kepler-864 b": "Kepler-864", "Kepler-865 b": "Kepler-865", "Kepler-866 b": "Kepler-866", "Kepler-867 b": "Kepler-867", "Kepler-868 b": "Kepler-868", "Kepler-869 b": "Kepler-869", "Kepler-870 b": "Kepler-870", "Kepler-871 b": "Kepler-871", "Kepler-872 b": "Kepler-872", "Kepler-873 b": "Kepler-873", "Kepler-874 b": "Kepler-874", "Kepler-875 b": "Kepler-875", "Kepler-876 b": "Kepler-876", "Kepler-877 b": "Kepler-877", "Kepler-878 b": "Kepler-878", "Kepler-879 b": "Kepler-879", "Kepler-880 b": "Kepler-880", "Kepler-881 b": "Kepler-881", "Kepler-882 b": "Kepler-882", "Kepler-883 b": "Kepler-883", "Kepler-884 b": "Kepler-884", "Kepler-885 b": "Kepler-885", "Kepler-886 b": "Kepler-886", "Kepler-888 b": "Kepler-888", "Kepler-889 b": "Kepler-889", "Kepler-890 b": "Kepler-890", "Kepler-891 b": "Kepler-891", "Kepler-892 b": "Kepler-892", "Kepler-893 b": "Kepler-893", "Kepler-894 b": "Kepler-894", "Kepler-895 b": "Kepler-895", "Kepler-896 b": "Kepler-896", "Kepler-897 b": "Kepler-897", "Kepler-898 b": "Kepler-898", "Kepler-899 b": "Kepler-899", "Kepler-900 b": "Kepler-900", "Kepler-901 b": "Kepler-901", "Kepler-902 b": "Kepler-902", "Kepler-904 b": "Kepler-904", "Kepler-905 b": "Kepler-905", "Kepler-906 b": "Kepler-906", "Kepler-907 b": "Kepler-907", "Kepler-908 b": "Kepler-908", "Kepler-909 b": "Kepler-909", "Kepler-91 b": "Kepler-91", "Kepler-910 b": "Kepler-910", "Kepler-911 b": "Kepler-911", "Kepler-912 b": "Kepler-912", "Kepler-914 b": "Kepler-914", "Kepler-915 b": "Kepler-915", "Kepler-916 b": "Kepler-916", "Kepler-917 b": "Kepler-917", "Kepler-918 b": "Kepler-918", "Kepler-919 b": "Kepler-919", "Kepler-921 b": "Kepler-921", "Kepler-922 b": "Kepler-922", "Kepler-923 b": "Kepler-923", "Kepler-924 b": "Kepler-924", "Kepler-925 b": "Kepler-925", "Kepler-926 b": "Kepler-926", "Kepler-927 b": "Kepler-927", "Kepler-928 b": "Kepler-928", "Kepler-929 b": "Kepler-929", "Kepler-930 b": "Kepler-930", "Kepler-931 b": "Kepler-931", "Kepler-932 b": "Kepler-932", "Kepler-933 b": "Kepler-933", "Kepler-934 b": "Kepler-934", "Kepler-935 b": "Kepler-935", "Kepler-936 b": "Kepler-936", "Kepler-938 b": "Kepler-938", "Kepler-939 b": "Kepler-939", "Kepler-940 b": "Kepler-940", "Kepler-941 b": "Kepler-941", "Kepler-942 b": "Kepler-942", "Kepler-943 b": "Kepler-943", "Kepler-944 b": "Kepler-944", "Kepler-945 b": "Kepler-945", "Kepler-946 b": "Kepler-946", "Kepler-947 b": "Kepler-947", "Kepler-948 b": "Kepler-948", "Kepler-949 b": "Kepler-949", "Kepler-95 b": "Kepler-95", "Kepler-950 b": "Kepler-950", "Kepler-951 b": "Kepler-951", "Kepler-952 b": "Kepler-952", "Kepler-954 b": "Kepler-954", "Kepler-955 b": "Kepler-955", "Kepler-956 b": "Kepler-956", "Kepler-957 b": "Kepler-957", "Kepler-958 b": "Kepler-958", "Kepler-959 b": "Kepler-959", "Kepler-96 b": "Kepler-96", "Kepler-960 b": "Kepler-960", "Kepler-961 b": "Kepler-961", "Kepler-962 b": "Kepler-962", "Kepler-963 b": "Kepler-963", "Kepler-964 b": "Kepler-964", "Kepler-965 b": "Kepler-965", "Kepler-966 b": "Kepler-966", "Kepler-970 b": "Kepler-970", "Kepler-971 b": "Kepler-971", "Kepler-972 b": "Kepler-972", "Kepler-973 b": "Kepler-973", "Kepler-974 b": "Kepler-974", "Kepler-975 b": "Kepler-975", "Kepler-976 b": "Kepler-976", "Kepler-977 b": "Kepler-977", "Kepler-978 b": "Kepler-978", "Kepler-979 b": "Kepler-979", "Kepler-98 b": "Kepler-98", "Kepler-980 b": "Kepler-980", "Kepler-981 b": "Kepler-981", "Kepler-982 b": "Kepler-982", "Kepler-983 b": "Kepler-983", "Kepler-984 b": "Kepler-984", "Kepler-985 b": "Kepler-985", "Kepler-986 b": "Kepler-986", "Kepler-987 b": "Kepler-987", "Kepler-988 b": "Kepler-988", "Kepler-989 b": "Kepler-989", "Kepler-99 b": "Kepler-99", "Kepler-991 b": "Kepler-991", "Kepler-992 b": "Kepler-992", "Kepler-993 b": "Kepler-993", "Kepler-994 b": "Kepler-994", "Kepler-995 b": "Kepler-995", "Kepler-996 b": "Kepler-996", "Kepler-997 b": "Kepler-997", "Kepler-998 b": "Kepler-998", "Kepler-999 b": "Kepler-999", "L 168-9 b": "L 168-9", "LHS 1478 b": "LHS 1478", "LHS 1815 b": "LHS 1815", "LHS 3844 b": "LHS 3844", "LP 714-47 b": "LP 714-47", "LSPM J2116+0234 b": "LSPM J2116+0234", "LTT 9779 b": "LTT 9779", "Lupus-TR-3 b": "Lupus-TR-3", "MASCARA-1 b": "MASCARA-1", "MASCARA-4 b": "MASCARA-4", "MOA-2007-BLG-192L b": "MOA-2007-BLG-192L", "MOA-2007-BLG-400L b": "MOA-2007-BLG-400L", "MOA-2008-BLG-310L b": "MOA-2008-BLG-310L", "MOA-2008-BLG-379L b": "MOA-2008-BLG-379L", "MOA-2009-BLG-266L b": "MOA-2009-BLG-266L", "MOA-2009-BLG-319L b": "MOA-2009-BLG-319L", "MOA-2009-BLG-387L b": "MOA-2009-BLG-387L", "MOA-2010-BLG-073L b": "MOA-2010-BLG-073L", "MOA-2010-BLG-117L b": "MOA-2010-BLG-117L", "MOA-2010-BLG-328L b": "MOA-2010-BLG-328L", "MOA-2010-BLG-353L b": "MOA-2010-BLG-353L", "MOA-2010-BLG-477L b": "MOA-2010-BLG-477L", "MOA-2011-BLG-028L b": "MOA-2011-BLG-028L", "MOA-2011-BLG-262L b": "MOA-2011-BLG-262L", "MOA-2011-BLG-291L b": "MOA-2011-BLG-291L", "MOA-2011-BLG-293L b": "MOA-2011-BLG-293L", "MOA-2011-BLG-322L b": "MOA-2011-BLG-322L", "MOA-2012-BLG-006L b": "MOA-2012-BLG-006L", "MOA-2012-BLG-505L b": "MOA-2012-BLG-505L", "MOA-2013-BLG-220L b": "MOA-2013-BLG-220L", "MOA-2013-BLG-605L b": "MOA-2013-BLG-605L", "MOA-2015-BLG-337L b": "MOA-2015-BLG-337L", "MOA-2016-BLG-227L b": "MOA-2016-BLG-227L", "MOA-2016-BLG-319L b": "MOA-2016-BLG-319L", "MOA-bin-1L b": "MOA-bin-1L", "MOA-bin-29 b": "MOA-bin-29", "MXB 1658-298 b": "MXB 1658-298", "NGC 2682 Sand 364 b": "NGC 2682 Sand 364", "NGC 2682 Sand 978 b": "NGC 2682 Sand 978", "NGC 2682 YBP 1194 b": "NGC 2682 YBP 1194", "NGC 2682 YBP 1514 b": "NGC 2682 YBP 1514", "NGC 2682 YBP 401 b": "NGC 2682 YBP 401", "NGTS-1 b": "NGTS-1", "NGTS-10 b": "NGTS-10", "NGTS-11 b": "NGTS-11", "NGTS-12 b": "NGTS-12", "NGTS-13 b": "NGTS-13", "NGTS-14 A b": "NGTS-14 A", "NGTS-15 b": "NGTS-15", "NGTS-16 b": "NGTS-16", "NGTS-17 b": "NGTS-17", "NGTS-18 b": "NGTS-18", "NGTS-2 b": "NGTS-2", "NGTS-20 b": "NGTS-20", "NGTS-3 A b": "NGTS-3 A", "NGTS-4 b": "NGTS-4", "NGTS-5 b": "NGTS-5", "NGTS-6 b": "NGTS-6", "NGTS-8 b": "NGTS-8", "NGTS-9 b": "NGTS-9", "NSVS 14256825 b": "NSVS 14256825", "OGLE-2003-BLG-235L b": "OGLE-2003-BLG-235L", "OGLE-2005-BLG-071L b": "OGLE-2005-BLG-071L", "OGLE-2005-BLG-169L b": "OGLE-2005-BLG-169L", "OGLE-2005-BLG-390L b": "OGLE-2005-BLG-390L", "OGLE-2007-BLG-349L AB c": "OGLE-2007-BLG-349L A", "OGLE-2007-BLG-368L b": "OGLE-2007-BLG-368L", "OGLE-2008-BLG-092L b": "OGLE-2008-BLG-092L", "OGLE-2008-BLG-355L b": "OGLE-2008-BLG-355L", "OGLE-2011-BLG-0173L b": "OGLE-2011-BLG-0173L", "OGLE-2011-BLG-0251L b": "OGLE-2011-BLG-0251L", "OGLE-2011-BLG-0265L b": "OGLE-2011-BLG-0265L", "OGLE-2012-BLG-0358L b": "OGLE-2012-BLG-0358L", "OGLE-2012-BLG-0406L b": "OGLE-2012-BLG-0406L", "OGLE-2012-BLG-0563L b": "OGLE-2012-BLG-0563L", "OGLE-2012-BLG-0724L b": "OGLE-2012-BLG-0724L", "OGLE-2012-BLG-0838L b": "OGLE-2012-BLG-0838L", "OGLE-2012-BLG-0950L b": "OGLE-2012-BLG-0950L", "OGLE-2013-BLG-0102L b": "OGLE-2013-BLG-0102L", "OGLE-2013-BLG-0132L b": "OGLE-2013-BLG-0132L", "OGLE-2013-BLG-0341L B b": "OGLE-2013-BLG-0341L B", "OGLE-2013-BLG-0911L b": "OGLE-2013-BLG-0911L", "OGLE-2013-BLG-1721L b": "OGLE-2013-BLG-1721L", "OGLE-2013-BLG-1761L b": "OGLE-2013-BLG-1761L", "OGLE-2014-BLG-0124L b": "OGLE-2014-BLG-0124L", "OGLE-2014-BLG-0319L b": "OGLE-2014-BLG-0319L", "OGLE-2014-BLG-0676L b": "OGLE-2014-BLG-0676L", "OGLE-2014-BLG-1760L b": "OGLE-2014-BLG-1760L", "OGLE-2015-BLG-0051L b": "OGLE-2015-BLG-0051L", "OGLE-2015-BLG-0954L b": "OGLE-2015-BLG-0954L", "OGLE-2015-BLG-0966L b": "OGLE-2015-BLG-0966L", "OGLE-2015-BLG-1649L b": "OGLE-2015-BLG-1649L", "OGLE-2015-BLG-1670L b": "OGLE-2015-BLG-1670L", "OGLE-2015-BLG-1771L b": "OGLE-2015-BLG-1771L", "OGLE-2016-BLG-0263L b": "OGLE-2016-BLG-0263L", "OGLE-2016-BLG-0613L AB b": "OGLE-2016-BLG-0613L AB", "OGLE-2016-BLG-1067L b": "OGLE-2016-BLG-1067L", "OGLE-2016-BLG-1190L b": "OGLE-2016-BLG-1190L", "OGLE-2016-BLG-1195L b": "OGLE-2016-BLG-1195L", "OGLE-2016-BLG-1227L b": "OGLE-2016-BLG-1227L", "OGLE-2017-BLG-0173L b": "OGLE-2017-BLG-0173L", "OGLE-2017-BLG-0373L b": "OGLE-2017-BLG-0373L", "OGLE-2017-BLG-0406L b": "OGLE-2017-BLG-0406L", "OGLE-2017-BLG-0482L b": "OGLE-2017-BLG-0482L", "OGLE-2017-BLG-0604L b": "OGLE-2017-BLG-0604L", "OGLE-2017-BLG-1049L b": "OGLE-2017-BLG-1049L", "OGLE-2017-BLG-1099L b": "OGLE-2017-BLG-1099L", "OGLE-2017-BLG-1140L b": "OGLE-2017-BLG-1140L", "OGLE-2017-BLG-1375L b": "OGLE-2017-BLG-1375L", "OGLE-2017-BLG-1434L b": "OGLE-2017-BLG-1434L", "OGLE-2017-BLG-1522L b": "OGLE-2017-BLG-1522L", "OGLE-2018-BLG-0383L b": "OGLE-2018-BLG-0383L", "OGLE-2018-BLG-0532L b": "OGLE-2018-BLG-0532L", "OGLE-2018-BLG-0567L b": "OGLE-2018-BLG-0567L", "OGLE-2018-BLG-0596L b": "OGLE-2018-BLG-0596L", "OGLE-2018-BLG-0677L b": "OGLE-2018-BLG-0677L", "OGLE-2018-BLG-0740L b": "OGLE-2018-BLG-0740L", "OGLE-2018-BLG-0962L b": "OGLE-2018-BLG-0962L", "OGLE-2018-BLG-1185L b": "OGLE-2018-BLG-1185L", "OGLE-2018-BLG-1269L b": "OGLE-2018-BLG-1269L", "OGLE-2018-BLG-1428L b": "OGLE-2018-BLG-1428L", "OGLE-2018-BLG-1700L b": "OGLE-2018-BLG-1700L", "OGLE-2019-BLG-0299L b": "OGLE-2019-BLG-0299L", "OGLE-2019-BLG-0304L b": "OGLE-2019-BLG-0304L", "OGLE-2019-BLG-0362L b": "OGLE-2019-BLG-0362L", "OGLE-2019-BLG-0954L b": "OGLE-2019-BLG-0954L", "OGLE-2019-BLG-0960L b": "OGLE-2019-BLG-0960L", "OGLE-2019-BLG-1470L AB c": "OGLE-2019-BLG-1470L A", "OGLE-TR-10 b": "OGLE-TR-10", "OGLE-TR-111 b": "OGLE-TR-111", "OGLE-TR-113 b": "OGLE-TR-113", "OGLE-TR-132 b": "OGLE-TR-132", "OGLE-TR-182 b": "OGLE-TR-182", "OGLE-TR-211 b": "OGLE-TR-211", "OGLE-TR-56 b": "OGLE-TR-56", "OGLE2-TR-L9 b": "OGLE2-TR-L9", "Oph 11 b": "Oph 11", "PH1 b": "PH1", "PH2 b": "PH2", "POTS-1 b": "POTS-1", "PSR B0329+54 b": "PSR B0329+54", "PSR B1620-26 b": "PSR B1620-26", "PSR J1719-1438 b": "PSR J1719-1438", "PSR J2322-2650 b": "PSR J2322-2650", "Pr0201 b": "Pr0201", "Proxima Cen b": "Proxima Cen", "Qatar-1 b": "Qatar-1", "Qatar-10 b": "Qatar-10", "Qatar-2 b": "Qatar-2", "Qatar-3 b": "Qatar-3", "Qatar-4 b": "Qatar-4", "Qatar-5 b": "Qatar-5", "Qatar-6 b": "Qatar-6", "Qatar-7 b": "Qatar-7", "Qatar-8 b": "Qatar-8", "Qatar-9 b": "Qatar-9", "ROXs 12 b": "ROXs 12", "ROXs 42 B b": "ROXs 42 B", "RR Cae b": "RR Cae", "Ross 128 b": "Ross 128", "Ross 458 c": "Ross 458", "Ross 508 b": "Ross 508", "SR 12 AB c": "SR 12 AB", "SWEEPS-11 b": "SWEEPS-11", "SWEEPS-4 b": "SWEEPS-4", "TAP 26 b": "TAP 26", "TCP J05074264+2447555 b": "TCP J05074264+2447555", "TIC 172900988 b": "TIC 172900988 Aa", "TIC 237913194 b": "TIC 237913194", "TIC 257060897 b": "TIC 257060897", "TOI-1075 b": "TOI-1075", "TOI-1107 b": "TOI-1107", "TOI-1181 b": "TOI-1181", "TOI-1201 b": "TOI-1201", "TOI-122 b": "TOI-122", "TOI-1227 b": "TOI-1227", "TOI-1231 b": "TOI-1231", "TOI-1235 b": "TOI-1235", "TOI-1259 A b": "TOI-1259 A", "TOI-1268 b": "TOI-1268", "TOI-1278 b": "TOI-1278", "TOI-1296 b": "TOI-1296", "TOI-1298 b": "TOI-1298", "TOI-132 b": "TOI-132", "TOI-1333 b": "TOI-1333", "TOI-1338 b": "TOI-1338", "TOI-1411 b": "TOI-1411", "TOI-1422 b": "TOI-1422", "TOI-1431 b": "TOI-1431", "TOI-1442 b": "TOI-1442", "TOI-1452 b": "TOI-1452", "TOI-1478 b": "TOI-1478", "TOI-150.01": "TOI-150", "TOI-1516 b": "TOI-1516", "TOI-1518 b": "TOI-1518", "TOI-157 b": "TOI-157", "TOI-1601 b": "TOI-1601", "TOI-163 b": "TOI-163", "TOI-1634 b": "TOI-1634", "TOI-1685 b": "TOI-1685", "TOI-169 b": "TOI-169", "TOI-1693 b": "TOI-1693", "TOI-1696 b": "TOI-1696", "TOI-1710 b": "TOI-1710", "TOI-172 b": "TOI-172", "TOI-1728 b": "TOI-1728", "TOI-1759 b": "TOI-1759", "TOI-1789 b": "TOI-1789", "TOI-1807 b": "TOI-1807", "TOI-1820 b": "TOI-1820", "TOI-1842 b": "TOI-1842", "TOI-1860 b": "TOI-1860", "TOI-1899 b": "TOI-1899", "TOI-201 b": "TOI-201", "TOI-2025 b": "TOI-2025", "TOI-2046 b": "TOI-2046", "TOI-2048 b": "TOI-2048", "TOI-206 b": "TOI-206", "TOI-2081 b": "TOI-2081", "TOI-2109 b": "TOI-2109", "TOI-2136 b": "TOI-2136", "TOI-2158 b": "TOI-2158", "TOI-2180 b": "TOI-2180", "TOI-2184 b": "TOI-2184", "TOI-2193 A b": "TOI-2193 A", "TOI-2196 b": "TOI-2196", "TOI-220 b": "TOI-220", "TOI-2207 b": "TOI-2207", "TOI-2236 b": "TOI-2236", "TOI-2257 b": "TOI-2257", "TOI-2260 b": "TOI-2260", "TOI-2285 b": "TOI-2285", "TOI-2337 b": "TOI-2337", "TOI-237 b": "TOI-237", "TOI-2406 b": "TOI-2406", "TOI-2411 b": "TOI-2411", "TOI-2421 b": "TOI-2421", "TOI-2427 b": "TOI-2427", "TOI-2445 b": "TOI-2445", "TOI-251 b": "TOI-251", "TOI-2545 b": "TOI-2545", "TOI-2567 b": "TOI-2567", "TOI-257 b": "TOI-257", "TOI-2570 b": "TOI-2570", "TOI-2669 b": "TOI-2669", "TOI-269 b": "TOI-269", "TOI-3331 A b": "TOI-3331 A", "TOI-3362 b": "TOI-3362", "TOI-3540 A b": "TOI-3540 A", "TOI-3629 b": "TOI-3629", "TOI-3693 b": "TOI-3693", "TOI-3714 b": "TOI-3714", "TOI-3757 b": "TOI-3757", "TOI-4137 b": "TOI-4137", "TOI-4329 b": "TOI-4329", "TOI-4479 b": "TOI-4479", "TOI-481 b": "TOI-481", "TOI-5153 b": "TOI-5153", "TOI-5174 b": "TOI-5174", "TOI-519 b": "TOI-519", "TOI-5238 b": "TOI-5238", "TOI-530 b": "TOI-530", "TOI-532 b": "TOI-532", "TOI-5398 b": "TOI-5398", "TOI-540 b": "TOI-540", "TOI-544 b": "TOI-544", "TOI-5542 b": "TOI-5542", "TOI-558 b": "TOI-558", "TOI-559 b": "TOI-559", "TOI-564 b": "TOI-564", "TOI-620 b": "TOI-620", "TOI-628 b": "TOI-628", "TOI-640 b": "TOI-640", "TOI-674 b": "TOI-674", "TOI-677 b": "TOI-677", "TOI-813 b": "TOI-813", "TOI-824 b": "TOI-824", "TOI-833 b": "TOI-833", "TOI-837 b": "TOI-837", "TOI-849 b": "TOI-849", "TOI-892 b": "TOI-892", "TOI-905 b": "TOI-905", "TOI-954 b": "TOI-954", "TYC 0434-04538-1 b": "TYC 0434-04538-1", "TYC 2187-512-1 b": "TYC 2187-512-1", "TYC 3318-01333-1 b": "TYC 3318-01333-1", "TYC 3667-1280-1 b": "TYC 3667-1280-1", "TYC 4282-00605-1 b": "TYC 4282-00605-1", "TrES-1 b": "TrES-1", "TrES-2 b": "TrES-2", "TrES-3 b": "TrES-3", "TrES-4 b": "TrES-4", "TrES-5 b": "TrES-5", "UKIRT-2017-BLG-001L b": "UKIRT-2017-BLG-001L", "USco CTIO 108 b": "USco CTIO 108", "USco1556 b": "USco1556 A", "USco1621 b": "USco1621 A", "V0391 Peg b": "V0391 Peg", "V830 Tau b": "V830 Tau", "VHS J125601.92-125723.9 b": "VHS J125601.92-125723.9", "WASP-1 b": "WASP-1", "WASP-10 b": "WASP-10", "WASP-100 b": "WASP-100", "WASP-101 b": "WASP-101", "WASP-103 b": "WASP-103", "WASP-104 b": "WASP-104", "WASP-105 b": "WASP-105", "WASP-106 b": "WASP-106", "WASP-11 b": "WASP-11", "WASP-110 b": "WASP-110", "WASP-113 b": "WASP-113", "WASP-114 b": "WASP-114", "WASP-117 b": "WASP-117", "WASP-118 b": "WASP-118", "WASP-119 b": "WASP-119", "WASP-12 b": "WASP-12", "WASP-120 b": "WASP-120", "WASP-121 b": "WASP-121", "WASP-123 b": "WASP-123", "WASP-124 b": "WASP-124", "WASP-127 b": "WASP-127", "WASP-129 b": "WASP-129", "WASP-13 b": "WASP-13", "WASP-130 b": "WASP-130", "WASP-131 b": "WASP-131", "WASP-133 b": "WASP-133", "WASP-135 b": "WASP-135", "WASP-136 b": "WASP-136", "WASP-138 b": "WASP-138", "WASP-139 b": "WASP-139", "WASP-14 b": "WASP-14", "WASP-140 b": "WASP-140", "WASP-141 b": "WASP-141", "WASP-142 b": "WASP-142", "WASP-144 b": "WASP-144", "WASP-145 A b": "WASP-145 A", "WASP-147 b": "WASP-147", "WASP-15 b": "WASP-15", "WASP-150 b": "WASP-150", "WASP-151 b": "WASP-151", "WASP-153 b": "WASP-153", "WASP-156 b": "WASP-156", "WASP-157 b": "WASP-157", "WASP-158 b": "WASP-158", "WASP-159 b": "WASP-159", "WASP-16 b": "WASP-16", "WASP-160 B b": "WASP-160 B", "WASP-161 b": "WASP-161", "WASP-162 b": "WASP-162", "WASP-163 b": "WASP-163", "WASP-164 b": "WASP-164", "WASP-165 b": "WASP-165", "WASP-166 b": "WASP-166", "WASP-167 b": "WASP-167", "WASP-168 b": "WASP-168", "WASP-169 b": "WASP-169", "WASP-17 b": "WASP-17", "WASP-170 b": "WASP-170", "WASP-171 b": "WASP-171", "WASP-172 b": "WASP-172", "WASP-173 A b": "WASP-173 A", "WASP-174 b": "WASP-174", "WASP-175 b": "WASP-175", "WASP-176 b": "WASP-176", "WASP-177 b": "WASP-177", "WASP-178 b": "WASP-178", "WASP-180 A b": "WASP-180 A", "WASP-181 b": "WASP-181", "WASP-182 b": "WASP-182", "WASP-183 b": "WASP-183", "WASP-184 b": "WASP-184", "WASP-185 b": "WASP-185", "WASP-186 b": "WASP-186", "WASP-187 b": "WASP-187", "WASP-189 b": "WASP-189", "WASP-19 b": "WASP-19", "WASP-190 b": "WASP-190", "WASP-192 b": "WASP-192", "WASP-2 b": "WASP-2", "WASP-20 b": "WASP-20", "WASP-21 b": "WASP-21", "WASP-22 b": "WASP-22", "WASP-23 b": "WASP-23", "WASP-24 b": "WASP-24", "WASP-25 b": "WASP-25", "WASP-26 b": "WASP-26", "WASP-28 b": "WASP-28", "WASP-29 b": "WASP-29", "WASP-3 b": "WASP-3", "WASP-31 b": "WASP-31", "WASP-32 b": "WASP-32", "WASP-33 b": "WASP-33", "WASP-34 b": "WASP-34", "WASP-35 b": "WASP-35", "WASP-36 b": "WASP-36", "WASP-37 b": "WASP-37", "WASP-38 b": "WASP-38", "WASP-39 b": "WASP-39", "WASP-4 b": "WASP-4", "WASP-42 b": "WASP-42", "WASP-43 b": "WASP-43", "WASP-44 b": "WASP-44", "WASP-45 b": "WASP-45", "WASP-46 b": "WASP-46", "WASP-48 b": "WASP-48", "WASP-49 b": "WASP-49", "WASP-5 b": "WASP-5", "WASP-50 b": "WASP-50", "WASP-52 b": "WASP-52", "WASP-54 b": "WASP-54", "WASP-55 b": "WASP-55", "WASP-56 b": "WASP-56", "WASP-57 b": "WASP-57", "WASP-58 b": "WASP-58", "WASP-59 b": "WASP-59", "WASP-6 b": "WASP-6", "WASP-60 b": "WASP-60", "WASP-61 b": "WASP-61", "WASP-62 b": "WASP-62", "WASP-63 b": "WASP-63", "WASP-64 b": "WASP-64", "WASP-65 b": "WASP-65", "WASP-66 b": "WASP-66", "WASP-67 b": "WASP-67", "WASP-68 b": "WASP-68", "WASP-69 b": "WASP-69", "WASP-7 b": "WASP-7", "WASP-70 A b": "WASP-70 A", "WASP-71 b": "WASP-71", "WASP-72 b": "WASP-72", "WASP-73 b": "WASP-73", "WASP-74 b": "WASP-74", "WASP-75 b": "WASP-75", "WASP-76 b": "WASP-76", "WASP-77 A b": "WASP-77 A", "WASP-78 b": "WASP-78", "WASP-79 b": "WASP-79", "WASP-80 b": "WASP-80", "WASP-81 b": "WASP-81", "WASP-82 b": "WASP-82", "WASP-83 b": "WASP-83", "WASP-84 b": "WASP-84", "WASP-85 A b": "WASP-85 A", "WASP-87 b": "WASP-87", "WASP-88 b": "WASP-88", "WASP-89 b": "WASP-89", "WASP-90 b": "WASP-90", "WASP-91 b": "WASP-91", "WASP-92 b": "WASP-92", "WASP-93 b": "WASP-93", "WASP-94 A b": "WASP-94 A", "WASP-94 B b": "WASP-94 B", "WASP-95 b": "WASP-95", "WASP-96 b": "WASP-96", "WASP-97 b": "WASP-97", "WASP-98 b": "WASP-98", "WASP-99 b": "WASP-99", "WD 0806-661 b": "WD 0806-661", "WD 1856+534 b": "WD 1856+534", "WISEP J121756.91+162640.2 A b": "WISEP J121756.91+162640.2 A", "WTS-1 b": "WTS-1", "WTS-2 b": "WTS-2", "Wendelstein-1 b": "Wendelstein-1", "Wendelstein-2 b": "Wendelstein-2", "Wolf 503 b": "Wolf 503", "XO-1 b": "XO-1", "XO-2 N b": "XO-2 N", "XO-3 b": "XO-3", "XO-4 b": "XO-4", "XO-5 b": "XO-5", "XO-6 b": "XO-6", "XO-7 b": "XO-7", "YSES 2 b": "YSES 2", "alf Ari b": "alf Ari", "alf Tau b": "alf Tau", "b Cen AB b": "b Cen A", "bet Cnc b": "bet Cnc", "bet UMi b": "bet UMi", "eps CrB b": "eps CrB", "eps Eri b": "eps Eri", "eps Ind A b": "eps Ind A", "eps Tau b": "eps Tau", "gam 1 Leo b": "gam 1 Leo", "gam Cep b": "gam Cep", "gam Psc b": "gam Psc", "kap And b": "kap And", "kap CrB b": "kap CrB", "mu 2 Sco b": "mu 2 Sco", "mu Leo b": "mu Leo", "ome Ser b": "ome Ser", "omi CrB b": "omi CrB", "omi UMa b": "omi UMa", "psi 1 Dra B b": "psi 1 Dra B", "tau Boo b": "tau Boo", "tau Gem b": "tau Gem", "ups Leo b": "ups Leo", "xi Aql b": "xi Aql"}