{"Kepler-11 b": "Kepler-11", "Kepler-11 c": "Kepler-11", "Kepler-11 d": "Kepler-11", "Kepler-11 e": "Kepler-11", "Kepler-11 f": "Kepler-11", "Kepler-11 g": "Kepler-11", "Kepler-48 b": "Kepler-48", "Kepler-48 c": "Kepler-48", "Kepler-48 d": "Kepler-48", "Kepler-48 e": "Kepler-48", "Kepler-49 b": "Kepler-49", "Kepler-49 c": "Kepler-49", "Kepler-49 d": "Kepler-49", "Kepler-49 e": "Kepler-49", "Kepler-55 b": "Kepler-55", "Kepler-55 c": "Kepler-55", "Kepler-55 d": "Kepler-55", "Kepler-55 e": "Kepler-55", "Kepler-55 f": "Kepler-55", "Kepler-62 b": "Kepler-62", "Kepler-62 c": "Kepler-62", "Kepler-62 d": "Kepler-62", "Kepler-62 e": "Kepler-62", "Kepler-62 f": "Kepler-62", "Kepler-65 b": "Kepler-65", "Kepler-65 c": "Kepler-65", "Kepler-65 d": "Kepler-65", "Kepler-65 e": "Kepler-65", "Kepler-79 b": "Kepler-79", "Kepler-79 c": "Kepler-79", "Kepler-79 d": "Kepler-79", "Kepler-79 e": "Kepler-79"}