{"2MASS J19383260+4603591 b": "2MASS J19383260+4603591", "47 UMa b": "47 UMa", "47 UMa c": "47 UMa", "47 UMa d": "47 UMa", "61 Vir b": "61 Vir", "61 Vir c": "61 Vir", "61 Vir d": "61 Vir", "CoRoT-7 b": "CoRoT-7", "CoRoT-7 c": "CoRoT-7", "CoRoT-7 d": "CoRoT-7", "EPIC 201754305 d": "K2-16", "EPIC 206024342 b": "EPIC 206024342", "EPIC 206024342 c": "EPIC 206024342", "EPIC 206024342 d": "EPIC 206024342", "EPIC 249893012 b": "EPIC 249893012", "EPIC 249893012 c": "EPIC 249893012", "EPIC 249893012 d": "EPIC 249893012", "GJ 1061 b": "GJ 1061", "GJ 1061 c": "GJ 1061", "GJ 1061 d": "GJ 1061", "GJ 163 b": "GJ 163", "GJ 163 c": "GJ 163", "GJ 163 d": "GJ 163", "GJ 180 b": "GJ 180", "GJ 180 c": "GJ 180", "GJ 180 d": "GJ 180", "GJ 3138 b": "GJ 3138", "GJ 3138 c": "GJ 3138", "GJ 3138 d": "GJ 3138", "GJ 357 b": "GJ 357", "GJ 357 c": "GJ 357", "GJ 357 d": "GJ 357", "GJ 433 b": "GJ 433", "GJ 433 c": "GJ 433", "GJ 433 d": "GJ 433", "GJ 581 b": "GJ 581", "GJ 581 c": "GJ 581", "GJ 581 e": "GJ 581", "GJ 9827 b": "GJ 9827", "GJ 9827 c": "GJ 9827", "GJ 9827 d": "GJ 9827", "HD 11506 b": "HD 11506", "HD 11506 c": "HD 11506", "HD 11506 d": "HD 11506", "HD 125612 b": "HD 125612", "HD 125612 c": "HD 125612", "HD 125612 d": "HD 125612", "HD 136352 b": "HD 136352", "HD 136352 c": "HD 136352", "HD 136352 d": "HD 136352", "HD 142 A d": "HD 142", "HD 142 b": "HD 142", "HD 142 c": "HD 142", "HD 153557 b": "HD 153557", "HD 153557 c": "HD 153557", "HD 153557 d": "HD 153557", "HD 181433 b": "HD 181433", "HD 181433 c": "HD 181433", "HD 181433 d": "HD 181433", "HD 184010 b": "HD 184010", "HD 184010 c": "HD 184010", "HD 184010 d": "HD 184010", "HD 204313 b": "HD 204313", "HD 204313 c": "HD 204313", "HD 204313 e": "HD 204313", "HD 27894 b": "HD 27894", "HD 27894 c": "HD 27894", "HD 27894 d": "HD 27894", "HD 28109 b": "HD 28109", "HD 28109 c": "HD 28109", "HD 28109 d": "HD 28109", "HD 31527 b": "HD 31527", "HD 31527 c": "HD 31527", "HD 31527 d": "HD 31527", "HD 3167 b": "HD 3167", "HD 3167 c": "HD 3167", "HD 3167 d": "HD 3167", "HD 33142 b": "HD 33142", "HD 33142 c": "HD 33142", "HD 33142 d": "HD 33142", "HD 37124 b": "HD 37124", "HD 37124 c": "HD 37124", "HD 37124 d": "HD 37124", "HD 39091 b": "HD 39091", "HD 39194 b": "HD 39194", "HD 39194 c": "HD 39194", "HD 39194 d": "HD 39194", "HD 69830 b": "HD 69830", "HD 69830 c": "HD 69830", "HD 69830 d": "HD 69830", "HD 7924 b": "HD 7924", "HD 7924 c": "HD 7924", "HD 7924 d": "HD 7924", "HD 93385 b": "HD 93385", "HD 93385 c": "HD 93385", "HD 93385 d": "HD 93385", "HD 96700 b": "HD 96700", "HD 96700 c": "HD 96700", "HD 96700 d": "HD 96700", "HIP 14810 b": "HIP 14810", "HIP 14810 c": "HIP 14810", "HIP 14810 d": "HIP 14810", "HIP 57274 b": "HIP 57274", "HIP 57274 c": "HIP 57274", "HIP 57274 d": "HIP 57274", "HR 858 b": "HR 858", "HR 858 c": "HR 858", "HR 858 d": "HR 858", "K2-136 b": "K2-136", "K2-136 c": "K2-136", "K2-136 d": "K2-136", "K2-148 b": "K2-148", "K2-148 c": "K2-148", "K2-148 d": "K2-148", "K2-155 b": "K2-155", "K2-155 c": "K2-155", "K2-155 d": "K2-155", "K2-16 b": "K2-16", "K2-16 c": "K2-16", "K2-165 b": "K2-165", "K2-165 c": "K2-165", "K2-165 d": "K2-165", "K2-183 b": "K2-183", "K2-183 c": "K2-183", "K2-183 d": "K2-183", "K2-19 b": "K2-19", "K2-19 c": "K2-19", "K2-19 d": "K2-19", "K2-198 b": "K2-198", "K2-198 c": "K2-198", "K2-198 d": "K2-198", "K2-219 b": "K2-219", "K2-219 c": "K2-219", "K2-219 d": "K2-219", "K2-233 b": "K2-233", "K2-233 c": "K2-233", "K2-233 d": "K2-233", "K2-239 b": "K2-239", "K2-239 c": "K2-239", "K2-239 d": "K2-239", "K2-3 b": "K2-3", "K2-3 c": "K2-3", "K2-3 d": "K2-3", "K2-352 b": "K2-352", "K2-352 c": "K2-352", "K2-352 d": "K2-352", "K2-368 b": "K2-368", "K2-368 c": "K2-368", "K2-368 d": "K2-368", "K2-37 b": "K2-37", "K2-37 c": "K2-37", "K2-37 d": "K2-37", "K2-381 b": "K2-381", "K2-381 c": "K2-381", "K2-381 d": "K2-381", "K2-58 b": "K2-58", "K2-58 c": "K2-58", "K2-58 d": "K2-58", "K2-80 b": "K2-80", "K2-80 c": "K2-80", "K2-80 d": "K2-80", "KIC 10001893 b": "KIC 10001893", "KIC 10001893 c": "KIC 10001893", "KIC 10001893 d": "KIC 10001893", "KIC 8540376 b": "KOI-7892", "KIC 8540376 c": "KOI-7892", "KOI-142 b": "KOI-142", "KOI-142 c": "KOI-142", "KOI-1833 d": "Kepler-968", "Kepler-100 b": "Kepler-100", "Kepler-100 c": "Kepler-100", "Kepler-100 d": "Kepler-100", "Kepler-104 b": "Kepler-104", "Kepler-104 c": "Kepler-104", "Kepler-104 d": "Kepler-104", "Kepler-1073 b": "Kepler-1073", "Kepler-1073 c": "Kepler-1073", "Kepler-1073 d": "Kepler-1073", "Kepler-1130 b": "Kepler-1130", "Kepler-1130 c": "Kepler-1130", "Kepler-1130 d": "Kepler-1130", "Kepler-114 b": "Kepler-114", "Kepler-114 c": "Kepler-114", "Kepler-114 d": "Kepler-114", "Kepler-124 b": "Kepler-124", "Kepler-124 c": "Kepler-124", "Kepler-124 d": "Kepler-124", "Kepler-1254 b": "Kepler-1254", "Kepler-1254 c": "Kepler-1254", "Kepler-1254 d": "Kepler-1254", "Kepler-126 b": "Kepler-126", "Kepler-126 c": "Kepler-126", "Kepler-126 d": "Kepler-126", "Kepler-127 b": "Kepler-127", "Kepler-127 c": "Kepler-127", "Kepler-127 d": "Kepler-127", "Kepler-129 b": "Kepler-129", "Kepler-129 c": "Kepler-129", "Kepler-129 d": "Kepler-129", "Kepler-130 b": "Kepler-130", "Kepler-130 c": "Kepler-130", "Kepler-130 d": "Kepler-130", "Kepler-1311 b": "Kepler-1311", "Kepler-1311 c": "Kepler-1311", "Kepler-1311 d": "Kepler-1311", "Kepler-1321 b": "Kepler-1321", "Kepler-1321 c": "Kepler-1321", "Kepler-1321 d": "Kepler-1321", "Kepler-138 b": "Kepler-138", "Kepler-138 c": "Kepler-138", "Kepler-138 d": "Kepler-138", "Kepler-142 b": "Kepler-142", "Kepler-142 c": "Kepler-142", "Kepler-142 d": "Kepler-142", "Kepler-1468 b": "Kepler-1468", "Kepler-1468 c": "Kepler-1468", "Kepler-1468 d": "Kepler-1468", "Kepler-148 b": "Kepler-148", "Kepler-148 c": "Kepler-148", "Kepler-148 d": "Kepler-148", "Kepler-149 b": "Kepler-149", "Kepler-149 c": "Kepler-149", "Kepler-149 d": "Kepler-149", "Kepler-1530 b": "Kepler-1530", "Kepler-1530 c": "Kepler-1530", "Kepler-1530 d": "Kepler-1530", "Kepler-157 b": "Kepler-157", "Kepler-157 c": "Kepler-157", "Kepler-157 d": "Kepler-157", "Kepler-160 b": "Kepler-160", "Kepler-160 c": "Kepler-160", "Kepler-160 d": "Kepler-160", "Kepler-164 b": "Kepler-164", "Kepler-164 c": "Kepler-164", "Kepler-164 d": "Kepler-164", "Kepler-166 b": "Kepler-166", "Kepler-166 c": "Kepler-166", "Kepler-166 d": "Kepler-166", "Kepler-171 b": "Kepler-171", "Kepler-171 c": "Kepler-171", "Kepler-171 d": "Kepler-171", "Kepler-174 b": "Kepler-174", "Kepler-174 c": "Kepler-174", "Kepler-174 d": "Kepler-174", "Kepler-178 b": "Kepler-178", "Kepler-178 c": "Kepler-178", "Kepler-178 d": "Kepler-178", "Kepler-18 b": "Kepler-18", "Kepler-18 c": "Kepler-18", "Kepler-18 d": "Kepler-18", "Kepler-184 b": "Kepler-184", "Kepler-184 c": "Kepler-184", "Kepler-184 d": "Kepler-184", "Kepler-19 b": "Kepler-19", "Kepler-19 c": "Kepler-19", "Kepler-19 d": "Kepler-19", "Kepler-191 b": "Kepler-191", "Kepler-191 c": "Kepler-191", "Kepler-191 d": "Kepler-191", "Kepler-192 b": "Kepler-192", "Kepler-192 c": "Kepler-192", "Kepler-192 d": "Kepler-192", "Kepler-194 b": "Kepler-194", "Kepler-194 c": "Kepler-194", "Kepler-194 d": "Kepler-194", "Kepler-196 b": "Kepler-196", "Kepler-196 c": "Kepler-196", "Kepler-196 d": "Kepler-196", "Kepler-198 b": "Kepler-198", "Kepler-198 c": "Kepler-198", "Kepler-198 d": "Kepler-198", "Kepler-203 b": "Kepler-203", "Kepler-203 c": "Kepler-203", "Kepler-203 d": "Kepler-203", "Kepler-206 b": "Kepler-206", "Kepler-206 c": "Kepler-206", "Kepler-206 d": "Kepler-206", "Kepler-207 b": "Kepler-207", "Kepler-207 c": "Kepler-207", "Kepler-207 d": "Kepler-207", "Kepler-217 b": "Kepler-217", "Kepler-217 c": "Kepler-217", "Kepler-217 d": "Kepler-217", "Kepler-218 b": "Kepler-218", "Kepler-218 c": "Kepler-218", "Kepler-218 d": "Kepler-218", "Kepler-219 b": "Kepler-219", "Kepler-219 c": "Kepler-219", "Kepler-219 d": "Kepler-219", "Kepler-222 b": "Kepler-222", "Kepler-222 c": "Kepler-222", "Kepler-222 d": "Kepler-222", "Kepler-226 b": "Kepler-226", "Kepler-226 c": "Kepler-226", "Kepler-226 d": "Kepler-226", "Kepler-228 b": "Kepler-228", "Kepler-228 c": "Kepler-228", "Kepler-228 d": "Kepler-228", "Kepler-229 b": "Kepler-229", "Kepler-229 c": "Kepler-229", "Kepler-229 d": "Kepler-229", "Kepler-23 b": "Kepler-23", "Kepler-23 c": "Kepler-23", "Kepler-23 d": "Kepler-23", "Kepler-244 b": "Kepler-244", "Kepler-244 c": "Kepler-244", "Kepler-244 d": "Kepler-244", "Kepler-247 b": "Kepler-247", "Kepler-247 c": "Kepler-247", "Kepler-247 d": "Kepler-247", "Kepler-249 b": "Kepler-249", "Kepler-249 c": "Kepler-249", "Kepler-249 d": "Kepler-249", "Kepler-25 b": "Kepler-25", "Kepler-25 c": "Kepler-25", "Kepler-25 d": "Kepler-25", "Kepler-250 b": "Kepler-250", "Kepler-250 c": "Kepler-250", "Kepler-250 d": "Kepler-250", "Kepler-253 b": "Kepler-253", "Kepler-253 c": "Kepler-253", "Kepler-253 d": "Kepler-253", "Kepler-254 b": "Kepler-254", "Kepler-254 c": "Kepler-254", "Kepler-254 d": "Kepler-254", "Kepler-255 b": "Kepler-255", "Kepler-255 c": "Kepler-255", "Kepler-255 d": "Kepler-255", "Kepler-257 b": "Kepler-257", "Kepler-257 c": "Kepler-257", "Kepler-257 d": "Kepler-257", "Kepler-267 b": "Kepler-267", "Kepler-267 c": "Kepler-267", "Kepler-267 d": "Kepler-267", "Kepler-27 b": "Kepler-27", "Kepler-27 c": "Kepler-27", "Kepler-27 d": "Kepler-27", "Kepler-271 b": "Kepler-271", "Kepler-271 c": "Kepler-271", "Kepler-271 d": "Kepler-271", "Kepler-272 b": "Kepler-272", "Kepler-272 c": "Kepler-272", "Kepler-272 d": "Kepler-272", "Kepler-275 b": "Kepler-275", "Kepler-275 c": "Kepler-275", "Kepler-275 d": "Kepler-275", "Kepler-276 b": "Kepler-276", "Kepler-276 c": "Kepler-276", "Kepler-276 d": "Kepler-276", "Kepler-279 b": "Kepler-279", "Kepler-279 c": "Kepler-279", "Kepler-279 d": "Kepler-279", "Kepler-281 b": "Kepler-281", "Kepler-281 c": "Kepler-281", "Kepler-281 d": "Kepler-281", "Kepler-288 b": "Kepler-288", "Kepler-288 c": "Kepler-288", "Kepler-288 d": "Kepler-288", "Kepler-289 b": "Kepler-289", "Kepler-289 c": "Kepler-289", "Kepler-289 d": "Kepler-289", "Kepler-295 b": "Kepler-295", "Kepler-295 c": "Kepler-295", "Kepler-295 d": "Kepler-295", "Kepler-298 b": "Kepler-298", "Kepler-298 c": "Kepler-298", "Kepler-298 d": "Kepler-298", "Kepler-30 b": "Kepler-30", "Kepler-30 c": "Kepler-30", "Kepler-30 d": "Kepler-30", "Kepler-301 b": "Kepler-301", "Kepler-301 c": "Kepler-301", "Kepler-301 d": "Kepler-301", "Kepler-31 b": "Kepler-31", "Kepler-31 c": "Kepler-31", "Kepler-31 d": "Kepler-31", "Kepler-310 b": "Kepler-310", "Kepler-310 c": "Kepler-310", "Kepler-310 d": "Kepler-310", "Kepler-319 b": "Kepler-319", "Kepler-319 c": "Kepler-319", "Kepler-319 d": "Kepler-319", "Kepler-325 b": "Kepler-325", "Kepler-325 c": "Kepler-325", "Kepler-325 d": "Kepler-325", "Kepler-326 b": "Kepler-326", "Kepler-326 c": "Kepler-326", "Kepler-326 d": "Kepler-326", "Kepler-327 b": "Kepler-327", "Kepler-327 c": "Kepler-327", "Kepler-327 d": "Kepler-327", "Kepler-331 b": "Kepler-331", "Kepler-331 c": "Kepler-331", "Kepler-331 d": "Kepler-331", "Kepler-332 b": "Kepler-332", "Kepler-332 c": "Kepler-332", "Kepler-332 d": "Kepler-332", "Kepler-334 b": "Kepler-334", "Kepler-334 c": "Kepler-334", "Kepler-334 d": "Kepler-334", "Kepler-336 b": "Kepler-336", "Kepler-336 c": "Kepler-336", "Kepler-336 d": "Kepler-336", "Kepler-339 b": "Kepler-339", "Kepler-339 c": "Kepler-339", "Kepler-339 d": "Kepler-339", "Kepler-350 b": "Kepler-350", "Kepler-350 c": "Kepler-350", "Kepler-350 d": "Kepler-350", "Kepler-351 b": "Kepler-351", "Kepler-351 c": "Kepler-351", "Kepler-351 d": "Kepler-351", "Kepler-352 b": "Kepler-352", "Kepler-352 c": "Kepler-352", "Kepler-352 d": "Kepler-352", "Kepler-354 b": "Kepler-354", "Kepler-354 c": "Kepler-354", "Kepler-354 d": "Kepler-354", "Kepler-357 b": "Kepler-357", "Kepler-357 c": "Kepler-357", "Kepler-357 d": "Kepler-357", "Kepler-359 b": "Kepler-359", "Kepler-359 c": "Kepler-359", "Kepler-359 d": "Kepler-359", "Kepler-363 b": "Kepler-363", "Kepler-363 c": "Kepler-363", "Kepler-363 d": "Kepler-363", "Kepler-372 b": "Kepler-372", "Kepler-372 c": "Kepler-372", "Kepler-372 d": "Kepler-372", "Kepler-374 b": "Kepler-374", "Kepler-374 c": "Kepler-374", "Kepler-374 d": "Kepler-374", "Kepler-381 b": "Kepler-381", "Kepler-381 c": "Kepler-381", "Kepler-381 d": "Kepler-381", "Kepler-385 b": "Kepler-385", "Kepler-385 c": "Kepler-385", "Kepler-385 d": "Kepler-385", "Kepler-394 b": "Kepler-394", "Kepler-394 c": "Kepler-394", "Kepler-394 d": "Kepler-394", "Kepler-398 b": "Kepler-398", "Kepler-398 c": "Kepler-398", "Kepler-398 d": "Kepler-398", "Kepler-399 b": "Kepler-399", "Kepler-399 c": "Kepler-399", "Kepler-399 d": "Kepler-399", "Kepler-401 b": "Kepler-401", "Kepler-401 c": "Kepler-401", "Kepler-401 d": "Kepler-401", "Kepler-403 b": "Kepler-403", "Kepler-403 c": "Kepler-403", "Kepler-403 d": "Kepler-403", "Kepler-42 b": "Kepler-42", "Kepler-42 c": "Kepler-42", "Kepler-42 d": "Kepler-42", "Kepler-431 b": "Kepler-431", "Kepler-431 c": "Kepler-431", "Kepler-431 d": "Kepler-431", "Kepler-445 b": "Kepler-445", "Kepler-445 c": "Kepler-445", "Kepler-445 d": "Kepler-445", "Kepler-446 b": "Kepler-446", "Kepler-446 c": "Kepler-446", "Kepler-446 d": "Kepler-446", "Kepler-450 b": "Kepler-450", "Kepler-450 c": "Kepler-450", "Kepler-450 d": "Kepler-450", "Kepler-451 c": "2MASS J19383260+4603591", "Kepler-451 d": "2MASS J19383260+4603591", "Kepler-457 d": "KOI-7892", "Kepler-46 b": "Kepler-46", "Kepler-46 c": "Kepler-46", "Kepler-46 d": "Kepler-46", "Kepler-47 b": "Kepler-47", "Kepler-47 c": "Kepler-47", "Kepler-47 d": "Kepler-47", "Kepler-487 b": "Kepler-487", "Kepler-487 c": "Kepler-487", "Kepler-487 d": "Kepler-487", "Kepler-51 b": "Kepler-51", "Kepler-51 c": "Kepler-51", "Kepler-51 d": "Kepler-51", "Kepler-52 b": "Kepler-52", "Kepler-52 c": "Kepler-52", "Kepler-52 d": "Kepler-52", "Kepler-529 b": "Kepler-529", "Kepler-529 c": "Kepler-529", "Kepler-529 d": "Kepler-529", "Kepler-53 b": "Kepler-53", "Kepler-53 c": "Kepler-53", "Kepler-53 d": "Kepler-53", "Kepler-54 b": "Kepler-54", "Kepler-54 c": "Kepler-54", "Kepler-54 d": "Kepler-54", "Kepler-56 b": "Kepler-56", "Kepler-56 c": "Kepler-56", "Kepler-56 d": "Kepler-56", "Kepler-58 b": "Kepler-58", "Kepler-58 c": "Kepler-58", "Kepler-58 d": "Kepler-58", "Kepler-60 b": "Kepler-60", "Kepler-60 c": "Kepler-60", "Kepler-60 d": "Kepler-60", "Kepler-603 b": "Kepler-603", "Kepler-603 c": "Kepler-603", "Kepler-603 d": "Kepler-603", "Kepler-616 b": "Kepler-616", "Kepler-616 c": "Kepler-616", "Kepler-616 d": "Kepler-616", "Kepler-68 b": "Kepler-68", "Kepler-68 c": "Kepler-68", "Kepler-68 d": "Kepler-68", "Kepler-770 b": "Kepler-770", "Kepler-770 c": "Kepler-770", "Kepler-770 d": "Kepler-770", "Kepler-81 b": "Kepler-81", "Kepler-81 c": "Kepler-81", "Kepler-81 d": "Kepler-81", "Kepler-83 b": "Kepler-83", "Kepler-83 c": "Kepler-83", "Kepler-83 d": "Kepler-83", "Kepler-88 d": "KOI-142", "Kepler-9 b": "Kepler-9", "Kepler-9 c": "Kepler-9", "Kepler-9 d": "Kepler-9", "Kepler-92 b": "Kepler-92", "Kepler-92 c": "Kepler-92", "Kepler-92 d": "Kepler-92", "Kepler-968 b": "Kepler-968", "Kepler-968 c": "Kepler-968", "PSR B1257+12 b": "PSR B1257+12", "PSR B1257+12 c": "PSR B1257+12", "PSR B1257+12 d": "PSR B1257+12", "TOI-125 b": "TOI-125", "TOI-125 c": "TOI-125", "TOI-125 d": "TOI-125", "TOI-1749 b": "TOI-1749", "TOI-1749 c": "TOI-1749", "TOI-1749 d": "TOI-1749", "TOI-2076 b": "TOI-2076", "TOI-2076 c": "TOI-2076", "TOI-2076 d": "TOI-2076", "TOI-270 b": "TOI-270", "TOI-270 c": "TOI-270", "TOI-270 d": "TOI-270", "TOI-431 b": "TOI-431", "TOI-431 c": "TOI-431", "TOI-431 d": "TOI-431", "TOI-451 b": "TOI-451", "TOI-451 c": "TOI-451", "TOI-451 d": "TOI-451", "TOI-700 b": "TOI-700", "TOI-700 c": "TOI-700", "TOI-700 d": "TOI-700", "TOI-712 b": "TOI-712", "TOI-712 c": "TOI-712", "TOI-712 d": "TOI-712", "Wolf 1061 b": "Wolf 1061", "Wolf 1061 c": "Wolf 1061", "Wolf 1061 d": "Wolf 1061", "YZ Cet b": "YZ Cet", "YZ Cet c": "YZ Cet", "YZ Cet d": "YZ Cet", "pi Men c": "HD 39091", "pi Men d": "HD 39091", "ups And b": "ups And", "ups And c": "ups And", "ups And d": "ups And"}